{
    "doctors": [
        {
            "id": 1,
            "name": "Dr.1",
            "availability1shortform": "Monday-Thursday: 7:00-8:00, Friday-Sunday: 8:00-9:00",
            "province": "1",
            "rate":"3.5",
            "plc":"hos",
            "specialization": "Dermatology",
            "photo": "/static/doctors/doctor1.jpg",
            "description": "Expert in cosmetic and medical dermatology with 8 years of practice.",
            "availability": {
                "Monday": ["7:00-7:20", "7:20-7:40", "7:40-8:00"],
                "Tuesday": ["7:00-7:20", "7:20-7:40", "7:40-8:00"],
                "Wednesday": ["7:00-7:20am", "7:20-7:40", "7:40-8:00"],
                "Thursday": ["Unavilable"],
                "Friday": ["Unavilable"],
                "Saturday": ["8:00-8:20", "8:20-8:40", "8:40-9:00am", "9:00-9:20", "9:20-9:40", "9:40-10:00", "10:00-10:20", "10:20-10:40", "10:40-11:00"],
                "Sunday": ["8:00-8:20", "8:20-8:40", "8:40-9:00"]
            }
            
        },
        {
            "id": 2,
            "name": "DR.2",
            "availability1shortform": "Monday-Thursday: 7:00-8:00, Friday-Sunday: 8:00-9:00",
            "rate":"3.5",
            "province": "2",
            "specialization": "Cardiology",
            "photo": "/static/doctors/doctor3.jpg",
            "description": "Expert in cosmetic and medical dermatology with 8 years of practice.",
            "availability": {
                "Monday": ["7:00-7:20", "7:20-7:40", "7:40-8:00"],
                "Tuesday": ["7:00-7:20", "7:20-7:40", "7:40-8:00"],
                "Wednesday": ["7:00-7:20am", "7:20-7:40", "7:40-8:00"],
                "Thursday": ["Unavilable"],
                "Friday": ["Unavilable"],
                "Saturday": ["8:00-8:20", "8:20-8:40", "8:40-9:00am", "9:00-9:20", "9:20-9:40", "9:40-10:00", "10:00-10:20", "10:20-10:40", "10:40-11:00"],
                "Sunday": ["8:00-8:20", "8:20-8:40", "8:40-9:00"]
            }
            
        },
        {
            "id": 3,
            "name": "DR.3",
            "availability1shortform": "Monday-Thursday: 7:00-8:00, Friday-Sunday: 8:00-9:00",
            "rate":"3.5",
            "province": "3",
            "specialization": "Cardiology",
            "photo": "/static/doctors/doctor4.jpg",
            "description": "Expert in cosmetic and medical dermatology with 8 years of practice.",
            "availability": {
                "Monday": ["7:00-7:20", "7:20-7:40", "7:40-8:00"],
                "Tuesday": ["7:00-7:20", "7:20-7:40", "7:40-8:00"],
                "Wednesday": ["7:00-7:20am", "7:20-7:40", "7:40-8:00"],
                "Thursday": ["Unavilable"],
                "Friday": ["Unavilable"],
                "Saturday": ["8:00-8:20", "8:20-8:40", "8:40-9:00am", "9:00-9:20", "9:20-9:40", "9:40-10:00", "10:00-10:20", "10:20-10:40", "10:40-11:00"],
                "Sunday": ["8:00-8:20", "8:20-8:40", "8:40-9:00"]
            }
            
        },
        {
            "id": 4,
            "name": "DR.4",
            "rate":"3.5",
            "specialization": "Cardiology",
            "province": "4",
            "availability1shortform": "Monday-Thursday: 9:00-10:30, Friday-Sunday: 11:00-12:30",
            "photo": "/static/doctors/doctor2.jpg",
            "description": "Board-certified cardiologist with 10+ years experience.",
            "availability": {
                "Monday": ["7:10-7:30", "9:30-10:00", "10:00-10:30"],
                "Tuesday": ["9:00-9:30", "9:30-10:00", "10:00-10:30"],
                "Wednesday": ["Unavilable"],
                "Thursday": ["Unavilable"],
                "Friday": ["11:00-11:30", "11:30-12:00", "12:00-12:30"],
                "Saturday": ["11:00-11:30", "11:30-12:00", "12:00-12:30"],
                "Sunday": ["11:00-11:30", "11:30-12:00", "12:00-12:30"]
            }
        }
    ]
}